{
  "type": "minecraft:add",
  "argument1": {
    "type": "minecraft:y_clamped_gradient",
    "from_y": 0,
    "to_y": 320,
    "from_value": 1,
    "to_value": -3
  },
  "argument2": {
    "type": "minecraft:add",
    "argument1": {
      "type": "minecraft:noise",
      "noise": "space:jagged_noise",
      "xz_scale": 2,
      "y_scale": 0.57
    },
    "argument2": {
      "type": "minecraft:y_clamped_gradient",
      "from_y": 0,
      "to_y": 50,
      "from_value": 1,
      "to_value": 0
    }
  }
}