{
  "type": "minecraft:add",
  "argument1": {
    "type": "minecraft:range_choice",
    "input": "space:biome_spread",
    "min_inclusive": 2,
    "max_exclusive": 2.1,
    "when_in_range": "space:world/lowlands_gen",
    "when_out_of_range": {
      "type": "minecraft:add",
      "argument1": {
        "type": "minecraft:range_choice",
        "input": "space:biome_spread",
        "min_inclusive": -1.8,
        "max_exclusive": -0.2,
        "when_in_range": "space:world/lowlands_gen",
        "when_out_of_range": {
          "type": "minecraft:add",
          "argument1": {
            "type": "minecraft:range_choice",
            "input": "space:biome_spread",
            "min_inclusive": 0.2,
            "max_exclusive": 1.8,
            "when_in_range": "space:world/lowlands_gen",
            "when_out_of_range": {
              "type": "minecraft:add",
              "argument1": {
                "type": "minecraft:range_choice",
                "input": "space:biome_spread",
                "min_inclusive": -0.7,
                "max_exclusive": 0.7,
                "when_in_range": "space:world/jaggedpass_gen",
                "when_out_of_range": 0
              },
              "argument2": 0
            }
          },
          "argument2": 0
        }
      },
      "argument2": 0
    }
  },
  "argument2": 0
}