{
  "temperature": 1,
  "downfall": 0,
  "has_precipitation": true,
  "temperature_modifier": "none",
  "effects": {
    "sky_color": 13619455,
    "fog_color": 14609151,
    "water_color": 6454886,
    "water_fog_color": 6454886,
    "grass_color": 16767095,
    "foliage_color": 16767095,
    "dry_foliage_color": 9732435
  },
  "spawners": {},
  "spawn_costs": {},
  "carvers": [],
  "features": [
    ["patch_grass_plain"],
    ["mero:lowlands/rebreather"],
    ["mero:tall_grass_clumps"],
    ["mero:lowlands/droop_trees"],
    ["ore_copper"],
    ["ore_iron_upper"],
    ["ore_coal_upper"]
  ]
}