{
  "type": "minecraft:tree",
  "config": {
    "ignore_vines": false,
    "force_dirt": false,
    "minimum_size": {
      "type": "minecraft:two_layers_feature_size",
      "limit": 7,
      "lower_size": 2,
      "upper_size": 1
    },
    "dirt_provider": {
      "type": "minecraft:simple_state_provider",
      "state": {
        "Name": "minecraft:dirt"
      }
    },
    "trunk_provider": {
      "type": "minecraft:simple_state_provider",
      "state": {
        "Name": "minecraft:spruce_log"
      }
    },
    "foliage_provider": {
      "type": "minecraft:simple_state_provider",
      "state": {
        "Name": "minecraft:red_mushroom_block",
        "Properties": {
          "down": "false"
        }
      }
    },
    "trunk_placer": {
      "type": "minecraft:upwards_branching_trunk_placer",
      "base_height": 4,
      "height_rand_a": 2,
      "height_rand_b": 3,
      "extra_branch_steps": 4,
      "extra_branch_length": 6,
      "place_branch_per_log_probability": 0.2,
      "can_grow_through": "#air"
    },
    "foliage_placer": {
      "type": "minecraft:pine_foliage_placer",
      "radius": 1,
      "offset": 1,
      "height": 2
    },
    "decorators": []
  }
}