{
  "type": "minecraft:tree",
  "config": {
    "ignore_vines": true,
    "force_dirt": false,
    "minimum_size": {
      "type": "minecraft:two_layers_feature_size",
      "limit": 7,
      "lower_size": 2,
      "upper_size": 1
    },
    "dirt_provider": {
      "type": "minecraft:simple_state_provider",
      "state": {
        "Name": "minecraft:dirt"
      }
    },
    "trunk_provider": {
      "type": "minecraft:simple_state_provider",
      "state": {
        "Name": "minecraft:spruce_log"
      }
    },
    "foliage_provider": {
      "type": "minecraft:simple_state_provider",
      "state": {
        "Name": "minecraft:brown_mushroom_block",
        "Properties": {
          "down": "false"
        }
      }
    },
    "trunk_placer": {
      "type": "minecraft:dark_oak_trunk_placer",
      "base_height": 14,
      "height_rand_a": 5,
      "height_rand_b": 10
    },
    "foliage_placer": {
      "type": "minecraft:fancy_foliage_placer",
      "radius": 16,
      "offset": 1,
      "height": 2
    },
    "decorators": []
  }
}