{
  "type": "minecraft:random_patch",
  "config": {
    "tries": 256,
    "xz_spread": 8,
    "y_spread": 2,
    "feature": {
      "feature": {
        "config": {
          "to_place": {
            "type": "minecraft:simple_state_provider",
            "state": {
              "Name": "minecraft:sweet_berry_bush",
              "Properties": {
                "age": "3"
              }
            }
          },
          "schedule_tick": true
        },
        "type": "minecraft:simple_block"
      },
      "placement": [
        {
          "type": "minecraft:block_predicate_filter",
          "predicate": {
            "type": "minecraft:matching_blocks",
            "offset": [
              0,
              -1,
              0
            ],
            "blocks": [
              "minecraft:muddy_mangrove_roots"
            ]
          }
        },
        {
          "type": "minecraft:block_predicate_filter",
          "predicate": {
            "type": "minecraft:replaceable"
          }
        }
      ]
    }
  }
}