{
  "default_block": {
    "Name": "stone"
  },
  "default_fluid": {
    "Name": "minecraft:water"
  },
  "sea_level": 0,
  "disable_mob_generation": false,
  "aquifers_enabled": true,
  "ore_veins_enabled": true,
  "legacy_random_source": false,
  "noise": {
    "min_y": -64,
    "height": 384,
    "size_horizontal": 1,
    "size_vertical": 1
  },
  "noise_router": {
    "barrier": 0,
    "fluid_level_floodedness": 0,
    "fluid_level_spread": 0,
    "lava": 0,
    "vein_toggle": 0,
    "vein_ridged": 0,
    "vein_gap": 0,
    "temperature": 0,
    "vegetation": 0,
    "continents": "space:ring_spread",
    "erosion": 0,
    "depth": 0,
    "ridges": "space:biome_spread",
    "preliminary_surface_level": 0,
    "final_density": "space:world/interpolate"
  },
  "spawn_target": [],
"surface_rule": {
    "type": "minecraft:sequence",
    "sequence": [
      {
        "type": "minecraft:condition",
        "if_true": {
          "type": "minecraft:biome",
          "biome_is": [
            "space:lowlands",
            "space:special1"
          ]
        },
        "then_run": {
          "type": "minecraft:condition",
          "if_true": {
            "type": "minecraft:stone_depth",
            "offset": 0,
            "surface_type": "floor",
            "add_surface_depth": false,
            "secondary_depth_range": 0
          },
          "then_run": {
            "type": "minecraft:block",
            "result_state": {
              "Name": "minecraft:grass_block"
            }
          }
        }
      },
      {
        "type": "minecraft:condition",
        "if_true": {
          "type": "minecraft:biome",
          "biome_is": [
            "space:jagged_pass"
          ]
        },
        "then_run": {
          "type": "sequence",
          "sequence": [
                        {
              "type": "minecraft:condition",
              "if_true": {
                "type": "minecraft:noise_threshold",
                "noise": "space:thicket_gen",
                "min_threshold": 0.4,
                "max_threshold": 2
              },
              "then_run": {
                "type": "minecraft:condition",
                "if_true": {
                  "type": "minecraft:stone_depth",
                  "offset": 2,
                  "surface_type": "floor",
                  "add_surface_depth": false,
                  "secondary_depth_range": 0
                },
                "then_run": {
                  "type": "minecraft:block",
                  "result_state": {
                    "Name": "minecraft:muddy_mangrove_roots"
                  }
                }
              }
            },
            {
                "type": "minecraft:condition",
                "if_true": {
                  "type": "minecraft:stone_depth",
                  "offset": 3,
                  "surface_type": "floor",
                  "add_surface_depth": false,
                  "secondary_depth_range": 1
                },
                "then_run": {
                  "type": "minecraft:block",
                  "result_state": {
                    "Name": "sand"
                  }
              }
            },
            {
              "type": "minecraft:block",
              "result_state": {
              "Name": "sandstone"
              }
            }
          ]
        }
      }
    ]
  }
}