{
  "default_block": {
    "Name": "cobblestone"
  },
  "default_fluid": {
    "Name": "minecraft:water"
  },
  "sea_level": 0,
  "disable_mob_generation": false,
  "aquifers_enabled": true,
  "ore_veins_enabled": true,
  "legacy_random_source": false,
  "noise": {
    "min_y": -64,
    "height": 384,
    "size_horizontal": 1,
    "size_vertical": 1
  },
  "noise_router": {
    "barrier": 0,
    "fluid_level_floodedness": 0,
    "fluid_level_spread": 0,
    "lava": 0,
    "vein_toggle": 0,
    "vein_ridged": 0,
    "vein_gap": 0,
    "temperature": 0,
    "vegetation": 0,
    "continents": "mero:ring_spread",
    "erosion": 0,
    "depth": 0,
    "ridges": "mero:biome_spread",
    "preliminary_surface_level": 0,
    "final_density": "mero:world/interpolate"
  },
  "spawn_target": [],
"surface_rule": {
    "type": "minecraft:sequence",
    "sequence": [
      {
        "type": "minecraft:condition",
        "if_true": {
          "type": "minecraft:vertical_gradient",
          "random_name": "",
          "true_at_and_below": {
            "absolute": -64
          },
          "false_at_and_above": {
            "absolute": -58
          }
        },
        "then_run": {
          "type": "minecraft:block",
          "result_state": {
            "Name": "bedrock"
          }
        }
      },
      {
        "type": "minecraft:condition",
        "if_true": {
          "type": "minecraft:vertical_gradient",
          "random_name": "",
          "true_at_and_below": {
            "absolute": -1
          },
          "false_at_and_above": {
            "absolute": 0
          }
        },
        "then_run": {
          "type": "minecraft:block",
          "result_state": {
            "Name": "cobbled_deepslate"
          }
        }
      },
      {
        "type": "minecraft:condition",
        "if_true": {
          "type": "minecraft:vertical_gradient",
          "random_name": "",
          "true_at_and_below": {
            "absolute": 0
          },
          "false_at_and_above": {
            "absolute": 2
          }
        },
        "then_run": {
          "type": "minecraft:block",
          "result_state": {
            "Name": "minecraft:bedrock"
          }
        }
      },
      {
        "type": "minecraft:condition",
        "if_true": {
          "type": "minecraft:biome",
          "biome_is": [
            "mero:lowlands",
            "mero:special1"
          ]
        },
        "then_run": {
          "type": "minecraft:sequence",
          "sequence": [
            {
              "type": "minecraft:condition",
              "if_true": {
                "type": "minecraft:stone_depth",
                "offset": 0,
                "surface_type": "floor",
                "add_surface_depth": false,
                "secondary_depth_range": 0
              },
              "then_run": {
                "type": "minecraft:block",
                "result_state": {
                  "Name": "minecraft:grass_block"
                }
              }
            },
            {
              "type": "minecraft:condition",
              "if_true": {
                "type": "minecraft:stone_depth",
                "offset": 2,
                "surface_type": "floor",
                "add_surface_depth": false,
                "secondary_depth_range": 0
              },
              "then_run": {
                "type": "minecraft:block",
                "result_state": {
                  "Name": "minecraft:dirt"
                }
              }
            },
            {
              "type": "minecraft:condition",
              "if_true": {
                "type": "minecraft:stone_depth",
                "offset": 4,
                "surface_type": "floor",
                "add_surface_depth": false,
                "secondary_depth_range": 0
              },
              "then_run": {
                "type": "minecraft:block",
                "result_state": {
                  "Name": "minecraft:coarse_dirt"
                }
              }
            }
          ]
        }
      },
      {
        "type": "minecraft:condition",
        "if_true": {
          "type": "minecraft:biome",
          "biome_is": [
            "mero:jagged_pass"
          ]
        },
        "then_run": {
          "type": "sequence",
          "sequence": [
                        {
              "type": "minecraft:condition",
              "if_true": {
                "type": "minecraft:noise_threshold",
                "noise": "mero:thicket_gen",
                "min_threshold": 0.4,
                "max_threshold": 2
              },
              "then_run": {
                "type": "minecraft:condition",
                "if_true": {
                  "type": "minecraft:stone_depth",
                  "offset": 2,
                  "surface_type": "floor",
                  "add_surface_depth": false,
                  "secondary_depth_range": 0
                },
                "then_run": {
                  "type": "minecraft:block",
                  "result_state": {
                    "Name": "minecraft:muddy_mangrove_roots"
                  }
                }
              }
            },
            {
                "type": "minecraft:condition",
                "if_true": {
                  "type": "minecraft:stone_depth",
                  "offset": 3,
                  "surface_type": "floor",
                  "add_surface_depth": false,
                  "secondary_depth_range": 1
                },
                "then_run": {
                  "type": "minecraft:block",
                  "result_state": {
                    "Name": "sand"
                  }
              }
            },
            {
              "type": "minecraft:block",
              "result_state": {
              "Name": "tuff"
              }
            }
          ]
        }
      },
      {
        "type": "minecraft:condition",
        "if_true": {
          "type": "minecraft:biome",
          "biome_is": [
            "mero:special2"
          ]
        },
        "then_run": {
          "type": "sequence",
          "sequence": [
            {
              "type": "minecraft:condition",
              "if_true": {
                "type": "minecraft:noise_threshold",
                "noise": "mero:lava_noise",
                "min_threshold": -0.4,
                "max_threshold": 0.4
              },
              "then_run": {
                "type": "minecraft:condition",
                "if_true": {
                  "type": "minecraft:stone_depth",
                  "add_surface_depth": false,
                  "offset": 1,
                  "surface_type": "floor",
                  "secondary_depth_range": 1
                },
                "then_run": {
                  "type": "minecraft:block",
                  "result_state": {
                    "Name": "minecraft:lava"
                  }
                }
              }
            },
            {
              "type": "minecraft:condition",
              "if_true": {
                "type": "minecraft:noise_threshold",
                "noise": "mero:lava_noise",
                "min_threshold": -0.6,
                "max_threshold": 0.6
              },
              "then_run": {
                "type": "minecraft:condition",
                "if_true": {
                  "type": "minecraft:stone_depth",
                  "add_surface_depth": false,
                  "offset": 0,
                  "surface_type": "floor",
                  "secondary_depth_range": 1
                },
                "then_run": {
                  "type": "minecraft:block",
                  "result_state": {
                    "Name": "minecraft:magma_block"
                  }
                }
              }
            },
            {
              "type": "minecraft:block",
              "result_state": {
              "Name": "blackstone"
              }
            }
          ]
        }
      }
    ]
  }
}