{
  "display": {
    "icon": {
      "id": "minecraft:dirt"
    },
    "title": "upgrade1",
    "description": "used",
    "frame": "task",
    "show_toast": false,
    "announce_to_chat": false,
    "hidden": true
  },
  "criteria": {
    "upgrade_use": {
      "trigger": "minecraft:player_interacted_with_entity",
      "conditions": {
        "item": {
          "items": ["minecraft:music_disc_creator"],
          "predicates": {
            "minecraft:custom_data": "{upgrade:2}"
          }
        }
      }
    }
  },
  "rewards": {
    "function": "mero:base/upgrades/lvl2/check"
  }
}
