{
  "type": "minecraft:tree",
  "config": {
    "ignore_vines": true,
    "force_dirt": false,
    "minimum_size": {
      "type": "minecraft:two_layers_feature_size"
    },
    "dirt_provider": {
      "type": "minecraft:simple_state_provider",
      "state": {
        "Name": "minecraft:dirt"
      }
    },
    "trunk_provider": {
      "type": "minecraft:simple_state_provider",
      "state": {
        "Name": "minecraft:acacia_log"
      }
    },
    "foliage_provider": {
      "type": "minecraft:simple_state_provider",
      "state": {
        "Name": "minecraft:acacia_leaves"
      }
    },
    "trunk_placer": {
      "type": "minecraft:bending_trunk_placer",
      "base_height": 2,
      "height_rand_a": 5,
      "height_rand_b": 0,
      "bend_length": 3
    },
    "foliage_placer": {
      "type": "minecraft:random_spread_foliage_placer",
      "radius": 2,
      "offset": 1,
      "foliage_height": 2,
      "leaf_placement_attempts": 2
    },
    "decorators": []
  }
}